<?xml version="1.0" encoding="UTF-8" standalone="no"?>
<project default="create_run_jar" name="Create Runnable Jar for Project myRLGame_C_C">
    <!--this file was created by Eclipse Runnable JAR Export Wizard-->
    <!--ANT 1.7 is required                                        -->
    <target name="create_run_jar">
        <jar destfile="./dist/RLLib.jar" filesetmanifest="mergewithoutmain">
            <manifest>
                <attribute name="Class-Path" value="."/>
                <attribute name="Manifest-Version" value="1.4"/>
            </manifest>
            <fileset dir="./bin"/>
        </jar>
    </target>
</project>

