<?xml version="1.0" encoding="UTF-8" standalone="no"?>
<project default="create_run_jar" name="Create Runnable Jar for Project RLGlue_connect4_C_C">
    <!--this file was created by Eclipse Runnable JAR Export Wizard-->
    <!--ANT 1.7 is required                                        -->
    <target name="create_run_jar">
        <jar destfile="./dist/RLGlue_Connect4.jar" filesetmanifest="mergewithoutmain">
            <manifest>
                <attribute name="Main-Class" value="RunConnect4NoSockets"/>
                <attribute name="Class-Path" value="JavaRLGlueCodec.jar"/>
            </manifest>
            <fileset dir="C:/Users/ngavalas/workspace/RLGlue_Connect4/bin"/>
        </jar>
    </target>
</project>
